Buff Sto. Niño,Buff Sto. Niño.PNG
Cheap Queen,Cheap Queen.PNG
MadMax,MadMax.PNG
Hedwig,Hedwig.PNG
Jollibee Chicken Joy,Jollibee Chicken Joy.PNG
armEEEn arlEEErt,armEEEn arlEEErt.PNG
Dyoyssa,Dyoyssa.PNG
tagabenta ng siopao ni Xiumin,tagabenta ng siopao ni Xiumin.PNG
BBHL/DEGGZ,BBHL_DEGGZ.PNG
Matangkad and Matino,Matangkad and Matino.PNG
s cube,s cube.PNG
Bokuto Best Boiii!!!,Bokuto Best Boiii!!!.PNG
Strawberry Milkshake,Strawberry Milkshake.PNG
Go Moonyoung,Go Moonyoung.PNG
Screaming Roomba,Screaming Roomba.PNG
hatd0g,hatd0g.PNG
Mickey Mouse,Mickey Mouse.PNG
meow,meow.PNG
noitsbecky,noitsbecky.PNG
Operating Amplifier,Operating Amplifier.PNG
mr. vernon,mr. vernon.PNG
Shy kid,Shy kid.PNG
Cookies n' Cream,Cookies n_ Cream.PNG
mikasa nyo pagod na,mikasa nyo pagod na.PNG
idk,idk.PNG
Benny Boy,Benny Boy.PNG
Bfpphhhfttt's Son,Bfpphhhfttt_s Son.PNG
Nadine Munyu,Nadine Munyu.PNG
PAPI PIC,PAPI PIC.PNG
tsuki,tsuki.PNG
TEDDIE,TEDDIE.PNG
ToT (tot),ToT (tot).PNG
siopao,siopao.PNG
El.Psy.Kongroo.,El.Psy.Kongroo..PNG
Yu Sifeng,Yu Sifeng.PNG
tnong nten s gma cong anu ngyareh s joshbie,tnong nten s gma cong anu ngyareh s joshbie.PNG
Thatchomaton,Thatchomaton.PNG
MJ iyakin,MJ iyakin.PNG
donut,donut.PNG
miss right,miss right.PNG
TOGURO,TOGURO.PNG
GoodBoi,GoodBoi.PNG
serge,serge.PNG
Kaeya,Kaeya.PNG
Sashaboy,Sashaboy.PNG
pag-aari ni myoui mina,pag-aari ni myoui mina.PNG
Kakaibabe,Kakaibabe.PNG
Lil Omamori,Lil Omamori.PNG
SodaBoy,SodaBoy.PNG
